test,measure,comparison,comparison_name,spec,estimate,stat,df,p,n_group_a,n_group_b,age_beta,age_p,surg_beta,surg_p,converged,age_cap,roi_set
perm_ols,peak_z,1,A = LH ctrl        B = LH-intact pt,binA  word+face | house+object,1.372325368232599,,,0.0297940411917616,36,12,,,,,,23.0,primary_strict
perm_ols,peak_z,1,A = LH ctrl        B = LH-intact pt,binB  word | face+house+object,1.537147166780305,,,0.0473905218956208,36,12,,,,,,23.0,primary_strict
perm_ols,peak_z,1,A = LH ctrl        B = LH-intact pt,binC  word+face+house | object,1.5598603524329446,,,0.0311937612477504,36,12,,,,,,23.0,primary_strict
perm_ols,peak_z,1,A = LH ctrl        B = LH-intact pt,cont  |LI| z>1.96,7.595061256248524,,,0.0085982803439312,36,12,,,,,,23.0,primary_strict
perm_ols,peak_z,1,A = LH ctrl        B = LH-intact pt,cont  |LI| z>2.33,6.992296432957486,,,0.0097980403919216,36,12,,,,,,23.0,primary_strict
lmm,peak_z,1,A = LH ctrl        B = LH-intact pt,omnibus  category x group,,5.567053184650181,3,0.1346826494043541,36,12,0.1492335150244544,0.0599954569475314,,,True,23.0,
perm_ols,peak_z,2,A = RH ctrl        B = RH-intact pt,binA  word+face | house+object,1.2642236344971,,,0.1193761247750449,36,12,,,,,,23.0,primary_strict
perm_ols,peak_z,2,A = RH ctrl        B = RH-intact pt,binB  word | face+house+object,0.748952072243966,,,0.3611277744451109,36,12,,,,,,23.0,primary_strict
perm_ols,peak_z,2,A = RH ctrl        B = RH-intact pt,binC  word+face+house | object,0.3475443240764473,,,0.6788642271545691,36,12,,,,,,23.0,primary_strict
perm_ols,peak_z,2,A = RH ctrl        B = RH-intact pt,cont  |LI| z>1.96,5.4504314688468805,,,0.1151769646070785,36,12,,,,,,23.0,primary_strict
perm_ols,peak_z,2,A = RH ctrl        B = RH-intact pt,cont  |LI| z>2.33,4.997072970747234,,,0.1175764847030593,36,12,,,,,,23.0,primary_strict
lmm,peak_z,2,A = RH ctrl        B = RH-intact pt,omnibus  category x group,,3.267107540724393,3,0.3522469625677452,36,12,0.3059964033575735,0.0002105597641293,,,True,23.0,
perm_ols,peak_z,3,A = LH-intact pt   B = RH-intact pt,binA  word+face | house+object,0.1336888621999783,,,0.8902219556088782,12,12,,,,,,23.0,primary_strict
perm_ols,peak_z,3,A = LH-intact pt   B = RH-intact pt,binB  word | face+house+object,-1.3940567066780716,,,0.1887622475504899,12,12,,,,,,23.0,primary_strict
perm_ols,peak_z,3,A = LH-intact pt   B = RH-intact pt,binC  word+face+house | object,0.1428774369221024,,,0.8820235952809438,12,12,,,,,,23.0,primary_strict
perm_ols,peak_z,3,A = LH-intact pt   B = RH-intact pt,cont  |LI| z>1.96,-2.791886091146324,,,0.5226954609078185,12,12,,,,,,23.0,primary_strict
perm_ols,peak_z,3,A = LH-intact pt   B = RH-intact pt,cont  |LI| z>2.33,-2.9046319421155893,,,0.4723055388922215,12,12,,,,,,23.0,primary_strict
lmm,peak_z,3,A = LH-intact pt   B = RH-intact pt,omnibus  category x group,,3.3367039923853,3,0.3425667163562297,12,12,0.2266378860725552,0.1114134730843997,2.17872328383544,0.0208533939363826,True,23.0,
perm_ols,distinctiveness,1,A = LH ctrl        B = LH-intact pt,binA  word+face | house+object,0.2128240856636227,,,0.0615876824635073,35,12,,,,,,23.0,primary_strict
perm_ols,distinctiveness,1,A = LH ctrl        B = LH-intact pt,binB  word | face+house+object,0.051101784794781,,,0.7106578684263147,35,12,,,,,,23.0,primary_strict
perm_ols,distinctiveness,1,A = LH ctrl        B = LH-intact pt,binC  word+face+house | object,0.1149080714201007,,,0.4387122575484903,35,12,,,,,,23.0,primary_strict
perm_ols,distinctiveness,1,A = LH ctrl        B = LH-intact pt,cont  |LI| z>1.96,0.7470710433679071,,,0.2031593681263747,35,12,,,,,,23.0,primary_strict
perm_ols,distinctiveness,1,A = LH ctrl        B = LH-intact pt,cont  |LI| z>2.33,0.6615673708588343,,,0.2303539292141571,35,12,,,,,,23.0,primary_strict
lmm,distinctiveness,1,A = LH ctrl        B = LH-intact pt,omnibus  category x group,,4.027441692328106,3,0.2585161289345615,35,12,0.0044737212371315,0.5594368090419438,,,True,23.0,
perm_ols,distinctiveness,2,A = RH ctrl        B = RH-intact pt,binA  word+face | house+object,-0.1580886872890456,,,0.2079584083183363,35,12,,,,,,23.0,primary_strict
perm_ols,distinctiveness,2,A = RH ctrl        B = RH-intact pt,binB  word | face+house+object,-0.2137361965293038,,,0.1269746050789842,35,12,,,,,,23.0,primary_strict
perm_ols,distinctiveness,2,A = RH ctrl        B = RH-intact pt,binC  word+face+house | object,-0.1963471186304313,,,0.2245550889822035,35,12,,,,,,23.0,primary_strict
perm_ols,distinctiveness,2,A = RH ctrl        B = RH-intact pt,cont  |LI| z>1.96,-0.9591077284183294,,,0.1355728854229154,35,12,,,,,,23.0,primary_strict
perm_ols,distinctiveness,2,A = RH ctrl        B = RH-intact pt,cont  |LI| z>2.33,-0.8890564547025432,,,0.1327734453109378,35,12,,,,,,23.0,primary_strict
lmm,distinctiveness,2,A = RH ctrl        B = RH-intact pt,omnibus  category x group,,3.2072586897122712,3,0.3607604751188069,35,12,-0.0029184767015995,0.7063050518487962,,,True,23.0,
perm_ols,distinctiveness,3,A = LH-intact pt   B = RH-intact pt,binA  word+face | house+object,-0.0558796784892854,,,0.6994601079784043,12,12,,,,,,23.0,primary_strict
perm_ols,distinctiveness,3,A = LH-intact pt   B = RH-intact pt,binB  word | face+house+object,0.0288215017076105,,,0.8580283943211358,12,12,,,,,,23.0,primary_strict
perm_ols,distinctiveness,3,A = LH-intact pt   B = RH-intact pt,binC  word+face+house | object,0.0211423669716701,,,0.9190161967606478,12,12,,,,,,23.0,primary_strict
perm_ols,distinctiveness,3,A = LH-intact pt   B = RH-intact pt,cont  |LI| z>1.96,-0.0985726685629311,,,0.8938212357528494,12,12,,,,,,23.0,primary_strict
perm_ols,distinctiveness,3,A = LH-intact pt   B = RH-intact pt,cont  |LI| z>2.33,-0.080537356712854,,,0.905618876224755,12,12,,,,,,23.0,primary_strict
lmm,distinctiveness,3,A = LH-intact pt   B = RH-intact pt,omnibus  category x group,,0.4894475540294479,3,0.921203546189574,12,12,-0.0064999193942987,0.5987481290933461,-0.0246900301269273,0.7628050698666594,True,23.0,
perm_ols,geometry,1,A = LH ctrl        B = LH-intact pt,binA  word+face | house+object,0.1061377068045899,,,0.354129174165167,35,12,,,,,,23.0,primary_strict
perm_ols,geometry,1,A = LH ctrl        B = LH-intact pt,binB  word | face+house+object,-0.0852314798567189,,,0.4405118976204759,35,12,,,,,,23.0,primary_strict
perm_ols,geometry,1,A = LH ctrl        B = LH-intact pt,binC  word+face+house | object,-0.0459872764796304,,,0.6356728654269146,35,12,,,,,,23.0,primary_strict
perm_ols,geometry,1,A = LH ctrl        B = LH-intact pt,cont  |LI| z>1.96,0.1173757039032953,,,0.8234353129374126,35,12,,,,,,23.0,primary_strict
perm_ols,geometry,1,A = LH ctrl        B = LH-intact pt,cont  |LI| z>2.33,0.0827045872518163,,,0.8660267946410718,35,12,,,,,,23.0,primary_strict
lmm,geometry,1,A = LH ctrl        B = LH-intact pt,omnibus  category x group,,7.926003398076819,5,0.1603611526389943,35,12,0.001419004748724,0.8408673916653533,,,True,23.0,
perm_ols,geometry,2,A = RH ctrl        B = RH-intact pt,binA  word+face | house+object,-0.136193355825492,,,0.160367926414717,35,12,,,,,,23.0,primary_strict
perm_ols,geometry,2,A = RH ctrl        B = RH-intact pt,binB  word | face+house+object,-0.4984078549934013,,,0.0015996800639872,35,12,,,,,,23.0,primary_strict
perm_ols,geometry,2,A = RH ctrl        B = RH-intact pt,binC  word+face+house | object,-0.0782764305020717,,,0.2655468906218756,35,12,,,,,,23.0,primary_strict
perm_ols,geometry,2,A = RH ctrl        B = RH-intact pt,cont  |LI| z>1.96,-1.5435163737849509,,,0.0073985202959408,35,12,,,,,,23.0,primary_strict
perm_ols,geometry,2,A = RH ctrl        B = RH-intact pt,cont  |LI| z>2.33,-1.5048659909846651,,,0.0061987602479504,35,12,,,,,,23.0,primary_strict
lmm,geometry,2,A = RH ctrl        B = RH-intact pt,omnibus  category x group,,21.80526749197593,5,0.0005701570232755,35,12,-0.0074635223273217,0.3273773873402312,,,True,23.0,
perm_ols,geometry,3,A = LH-intact pt   B = RH-intact pt,binA  word+face | house+object,0.0038625865895454,,,0.9712057588482303,12,12,,,,,,23.0,primary_strict
perm_ols,geometry,3,A = LH-intact pt   B = RH-intact pt,binB  word | face+house+object,0.0603858833656912,,,0.7020595880823836,12,12,,,,,,23.0,primary_strict
perm_ols,geometry,3,A = LH-intact pt   B = RH-intact pt,binC  word+face+house | object,0.1519636734927474,,,0.2705458908218356,12,12,,,,,,23.0,primary_strict
perm_ols,geometry,3,A = LH-intact pt   B = RH-intact pt,cont  |LI| z>1.96,0.1523636933928452,,,0.8030393921215757,12,12,,,,,,23.0,primary_strict
perm_ols,geometry,3,A = LH-intact pt   B = RH-intact pt,cont  |LI| z>2.33,0.135636790649105,,,0.8170365926814637,12,12,,,,,,23.0,primary_strict
lmm,geometry,3,A = LH-intact pt   B = RH-intact pt,omnibus  category x group,,2.071989610861978,5,0.8390969279226344,12,12,-0.011024560007605,0.3556590768501492,-0.0645725664653742,0.4140003245130482,True,23.0,
