measure,parcel,hemi,dropped,p
distance,face_FFA,l,sub-004,0.2584
distance,face_FFA,l,sub-005,0.3419
distance,face_FFA,l,sub-008,0.1995
distance,face_FFA,l,sub-010,0.2644
distance,face_FFA,l,sub-021,0.2734
distance,face_FFA,l,sub-039,0.3098
distance,face_FFA,l,sub-044,0.2621
distance,face_FFA,l,sub-066,0.2707
distance,face_FFA,l,sub-069,0.2758
distance,face_FFA,l,sub-074,0.2264
distance,face_FFA,l,sub-075,0.3454
distance,face_FFA,l,sub-076,0.2646
distance,face_FFA,l,sub-077,0.3464
distance,face_FFA,l,sub-078,0.27
distance,face_FFA,l,sub-079,0.3601
distance,face_FFA,l,sub-082,0.272
distance,face_FFA,l,sub-089,0.1812
distance,face_FFA,l,sub-090,0.2669
distance,face_FFA,l,sub-091,0.4461
distance,face_FFA,l,sub-092,0.2603
distance,face_FFA,l,sub-099,0.2662
distance,face_FFA,l,sub-108,0.2766
distance,face_FFA,r,sub-004,0.8484
distance,face_FFA,r,sub-005,0.8573
distance,face_FFA,r,sub-008,0.8519
distance,face_FFA,r,sub-010,0.7871
distance,face_FFA,r,sub-021,0.9043
distance,face_FFA,r,sub-039,0.8495
distance,face_FFA,r,sub-044,0.7335
distance,face_FFA,r,sub-066,0.7665
distance,face_FFA,r,sub-069,0.7251
distance,face_FFA,r,sub-074,0.8527
distance,face_FFA,r,sub-075,0.8592
distance,face_FFA,r,sub-076,0.9707
distance,face_FFA,r,sub-077,0.8498
distance,face_FFA,r,sub-078,0.7261
distance,face_FFA,r,sub-079,0.8526
distance,face_FFA,r,sub-082,0.712
distance,face_FFA,r,sub-089,0.8526
distance,face_FFA,r,sub-090,0.9333
distance,face_FFA,r,sub-091,0.8479
distance,face_FFA,r,sub-092,0.7177
distance,face_FFA,r,sub-099,0.9361
distance,face_FFA,r,sub-108,0.8058
distance,house_PPA,l,sub-004,0.7796
distance,house_PPA,l,sub-005,0.6767
distance,house_PPA,l,sub-008,0.5298
distance,house_PPA,l,sub-010,0.6914
distance,house_PPA,l,sub-021,0.6972
distance,house_PPA,l,sub-039,0.9384
distance,house_PPA,l,sub-044,0.7027
distance,house_PPA,l,sub-066,0.7065
distance,house_PPA,l,sub-069,0.7033
distance,house_PPA,l,sub-074,0.5163
distance,house_PPA,l,sub-075,0.5606
distance,house_PPA,l,sub-076,0.6918
distance,house_PPA,l,sub-077,0.7205
distance,house_PPA,l,sub-078,0.6975
distance,house_PPA,l,sub-079,0.9165
distance,house_PPA,l,sub-082,0.6954
distance,house_PPA,l,sub-089,0.4294
distance,house_PPA,l,sub-090,0.6947
distance,house_PPA,l,sub-091,0.8647
distance,house_PPA,l,sub-092,0.7105
distance,house_PPA,l,sub-099,0.7054
distance,house_PPA,l,sub-108,0.6932
distance,house_PPA,r,sub-004,0.8109
distance,house_PPA,r,sub-005,0.8146
distance,house_PPA,r,sub-008,0.8132
distance,house_PPA,r,sub-010,0.9612
distance,house_PPA,r,sub-021,0.8018
distance,house_PPA,r,sub-039,0.8084
distance,house_PPA,r,sub-044,0.832
distance,house_PPA,r,sub-066,0.667
distance,house_PPA,r,sub-069,0.9212
distance,house_PPA,r,sub-074,0.8101
distance,house_PPA,r,sub-075,0.8105
distance,house_PPA,r,sub-076,0.4227
distance,house_PPA,r,sub-077,0.8083
distance,house_PPA,r,sub-078,0.8809
distance,house_PPA,r,sub-079,0.8152
distance,house_PPA,r,sub-082,0.8499
distance,house_PPA,r,sub-089,0.8156
distance,house_PPA,r,sub-090,0.9111
distance,house_PPA,r,sub-091,0.8114
distance,house_PPA,r,sub-092,0.5699
distance,house_PPA,r,sub-099,0.5395
distance,house_PPA,r,sub-108,0.9759
distance,object_LOC,l,sub-004,0.5227
distance,object_LOC,l,sub-005,0.8006
distance,object_LOC,l,sub-008,0.6295
distance,object_LOC,l,sub-010,0.5008
distance,object_LOC,l,sub-021,0.5047
distance,object_LOC,l,sub-039,0.5085
distance,object_LOC,l,sub-044,0.5102
distance,object_LOC,l,sub-066,0.5081
distance,object_LOC,l,sub-069,0.5076
distance,object_LOC,l,sub-074,0.4581
distance,object_LOC,l,sub-075,0.2013
distance,object_LOC,l,sub-076,0.5127
distance,object_LOC,l,sub-077,0.8562
distance,object_LOC,l,sub-078,0.5083
distance,object_LOC,l,sub-079,0.7077
distance,object_LOC,l,sub-082,0.5145
distance,object_LOC,l,sub-089,0.2886
distance,object_LOC,l,sub-090,0.5074
distance,object_LOC,l,sub-091,0.4746
distance,object_LOC,l,sub-092,0.5114
distance,object_LOC,l,sub-099,0.4973
distance,object_LOC,l,sub-108,0.5112
distance,object_LOC,r,sub-004,0.034
distance,object_LOC,r,sub-005,0.0328
distance,object_LOC,r,sub-008,0.0376
distance,object_LOC,r,sub-010,0.0563
distance,object_LOC,r,sub-021,0.0536
distance,object_LOC,r,sub-039,0.0362
distance,object_LOC,r,sub-044,0.0847
distance,object_LOC,r,sub-066,0.0341
distance,object_LOC,r,sub-069,0.0572
distance,object_LOC,r,sub-074,0.034
distance,object_LOC,r,sub-075,0.033
distance,object_LOC,r,sub-076,0.0367
distance,object_LOC,r,sub-077,0.0318
distance,object_LOC,r,sub-078,0.0508
distance,object_LOC,r,sub-079,0.0362
distance,object_LOC,r,sub-082,0.0511
distance,object_LOC,r,sub-089,0.0344
distance,object_LOC,r,sub-090,0.0319
distance,object_LOC,r,sub-091,0.0366
distance,object_LOC,r,sub-092,0.0124
distance,object_LOC,r,sub-099,0.038
distance,object_LOC,r,sub-108,0.0276
distance,word_VWFA,l,sub-004,0.8169
distance,word_VWFA,l,sub-005,0.411
distance,word_VWFA,l,sub-008,0.947
distance,word_VWFA,l,sub-010,0.653
distance,word_VWFA,l,sub-021,0.6525
distance,word_VWFA,l,sub-039,0.4987
distance,word_VWFA,l,sub-044,0.6548
distance,word_VWFA,l,sub-066,0.6536
distance,word_VWFA,l,sub-069,0.6542
distance,word_VWFA,l,sub-074,0.6443
distance,word_VWFA,l,sub-075,0.9302
distance,word_VWFA,l,sub-076,0.6492
distance,word_VWFA,l,sub-077,0.5096
distance,word_VWFA,l,sub-078,0.652
distance,word_VWFA,l,sub-079,0.6479
distance,word_VWFA,l,sub-082,0.6516
distance,word_VWFA,l,sub-089,0.4084
distance,word_VWFA,l,sub-090,0.6504
distance,word_VWFA,l,sub-091,0.6509
distance,word_VWFA,l,sub-092,0.6531
distance,word_VWFA,l,sub-099,0.6423
distance,word_VWFA,l,sub-108,0.6532
distance,word_VWFA,r,sub-004,0.1006
distance,word_VWFA,r,sub-005,0.0954
distance,word_VWFA,r,sub-008,0.0943
distance,word_VWFA,r,sub-010,0.1656
distance,word_VWFA,r,sub-021,0.041
distance,word_VWFA,r,sub-039,0.0976
distance,word_VWFA,r,sub-044,0.1587
distance,word_VWFA,r,sub-066,0.0849
distance,word_VWFA,r,sub-069,0.1002
distance,word_VWFA,r,sub-074,0.1023
distance,word_VWFA,r,sub-075,0.1033
distance,word_VWFA,r,sub-076,0.095
distance,word_VWFA,r,sub-077,0.1022
distance,word_VWFA,r,sub-078,0.095
distance,word_VWFA,r,sub-079,0.1017
distance,word_VWFA,r,sub-082,0.1409
distance,word_VWFA,r,sub-089,0.0967
distance,word_VWFA,r,sub-090,0.1174
distance,word_VWFA,r,sub-091,0.101
distance,word_VWFA,r,sub-092,0.0746
distance,word_VWFA,r,sub-099,0.2766
distance,word_VWFA,r,sub-108,0.1092
sum_selectivity,face_FFA,l,sub-004,0.8684
sum_selectivity,face_FFA,l,sub-005,0.7891
sum_selectivity,face_FFA,l,sub-008,0.5707
sum_selectivity,face_FFA,l,sub-010,0.6989
sum_selectivity,face_FFA,l,sub-021,0.6958
sum_selectivity,face_FFA,l,sub-039,0.5071
sum_selectivity,face_FFA,l,sub-044,0.6906
sum_selectivity,face_FFA,l,sub-066,0.6853
sum_selectivity,face_FFA,l,sub-069,0.6975
sum_selectivity,face_FFA,l,sub-074,0.466
sum_selectivity,face_FFA,l,sub-075,0.5996
sum_selectivity,face_FFA,l,sub-076,0.6952
sum_selectivity,face_FFA,l,sub-077,0.8985
sum_selectivity,face_FFA,l,sub-078,0.6881
sum_selectivity,face_FFA,l,sub-079,0.8217
sum_selectivity,face_FFA,l,sub-082,0.6975
sum_selectivity,face_FFA,l,sub-089,0.646
sum_selectivity,face_FFA,l,sub-090,0.6981
sum_selectivity,face_FFA,l,sub-091,0.9227
sum_selectivity,face_FFA,l,sub-092,0.6826
sum_selectivity,face_FFA,l,sub-099,0.6928
sum_selectivity,face_FFA,l,sub-108,0.6997
sum_selectivity,face_FFA,r,sub-004,0.1808
sum_selectivity,face_FFA,r,sub-005,0.1802
sum_selectivity,face_FFA,r,sub-008,0.172
sum_selectivity,face_FFA,r,sub-010,0.1698
sum_selectivity,face_FFA,r,sub-021,0.2543
sum_selectivity,face_FFA,r,sub-039,0.1792
sum_selectivity,face_FFA,r,sub-044,0.2152
sum_selectivity,face_FFA,r,sub-066,0.1323
sum_selectivity,face_FFA,r,sub-069,0.0305
sum_selectivity,face_FFA,r,sub-074,0.1816
sum_selectivity,face_FFA,r,sub-075,0.1793
sum_selectivity,face_FFA,r,sub-076,0.3312
sum_selectivity,face_FFA,r,sub-077,0.1755
sum_selectivity,face_FFA,r,sub-078,0.1391
sum_selectivity,face_FFA,r,sub-079,0.1806
sum_selectivity,face_FFA,r,sub-082,0.3196
sum_selectivity,face_FFA,r,sub-089,0.1807
sum_selectivity,face_FFA,r,sub-090,0.1862
sum_selectivity,face_FFA,r,sub-091,0.1805
sum_selectivity,face_FFA,r,sub-092,0.221
sum_selectivity,face_FFA,r,sub-099,0.2666
sum_selectivity,face_FFA,r,sub-108,0.2223
sum_selectivity,house_PPA,l,sub-004,0.3435
sum_selectivity,house_PPA,l,sub-005,0.4795
sum_selectivity,house_PPA,l,sub-008,0.7488
sum_selectivity,house_PPA,l,sub-010,0.5441
sum_selectivity,house_PPA,l,sub-021,0.5479
sum_selectivity,house_PPA,l,sub-039,0.4738
sum_selectivity,house_PPA,l,sub-044,0.5484
sum_selectivity,house_PPA,l,sub-066,0.5438
sum_selectivity,house_PPA,l,sub-069,0.5519
sum_selectivity,house_PPA,l,sub-074,0.7604
sum_selectivity,house_PPA,l,sub-075,0.7899
sum_selectivity,house_PPA,l,sub-076,0.5468
sum_selectivity,house_PPA,l,sub-077,0.5
sum_selectivity,house_PPA,l,sub-078,0.5477
sum_selectivity,house_PPA,l,sub-079,0.5364
sum_selectivity,house_PPA,l,sub-082,0.545
sum_selectivity,house_PPA,l,sub-089,0.485
sum_selectivity,house_PPA,l,sub-090,0.5416
sum_selectivity,house_PPA,l,sub-091,0.2814
sum_selectivity,house_PPA,l,sub-092,0.5465
sum_selectivity,house_PPA,l,sub-099,0.5437
sum_selectivity,house_PPA,l,sub-108,0.554
sum_selectivity,house_PPA,r,sub-004,0.1188
sum_selectivity,house_PPA,r,sub-005,0.1186
sum_selectivity,house_PPA,r,sub-008,0.1188
sum_selectivity,house_PPA,r,sub-010,0.4965
sum_selectivity,house_PPA,r,sub-021,0.0992
sum_selectivity,house_PPA,r,sub-039,0.1228
sum_selectivity,house_PPA,r,sub-044,0.0892
sum_selectivity,house_PPA,r,sub-066,0.0761
sum_selectivity,house_PPA,r,sub-069,0.2639
sum_selectivity,house_PPA,r,sub-074,0.1245
sum_selectivity,house_PPA,r,sub-075,0.1249
sum_selectivity,house_PPA,r,sub-076,0.143
sum_selectivity,house_PPA,r,sub-077,0.1216
sum_selectivity,house_PPA,r,sub-078,0.1137
sum_selectivity,house_PPA,r,sub-079,0.1192
sum_selectivity,house_PPA,r,sub-082,0.0961
sum_selectivity,house_PPA,r,sub-089,0.1137
sum_selectivity,house_PPA,r,sub-090,0.0715
sum_selectivity,house_PPA,r,sub-091,0.1156
sum_selectivity,house_PPA,r,sub-092,0.139
sum_selectivity,house_PPA,r,sub-099,0.1039
sum_selectivity,house_PPA,r,sub-108,0.1158
sum_selectivity,object_LOC,l,sub-004,0.0028
sum_selectivity,object_LOC,l,sub-005,0.0068
sum_selectivity,object_LOC,l,sub-008,0.0128
sum_selectivity,object_LOC,l,sub-010,0.0037
sum_selectivity,object_LOC,l,sub-021,0.0022
sum_selectivity,object_LOC,l,sub-039,0.0021
sum_selectivity,object_LOC,l,sub-044,0.0035
sum_selectivity,object_LOC,l,sub-066,0.0026
sum_selectivity,object_LOC,l,sub-069,0.0013
sum_selectivity,object_LOC,l,sub-074,0.0147
sum_selectivity,object_LOC,l,sub-075,0.0104
sum_selectivity,object_LOC,l,sub-076,0.0031
sum_selectivity,object_LOC,l,sub-077,0.0017
sum_selectivity,object_LOC,l,sub-078,0.0026
sum_selectivity,object_LOC,l,sub-079,0.0012
sum_selectivity,object_LOC,l,sub-082,0.0022
sum_selectivity,object_LOC,l,sub-089,0.0018
sum_selectivity,object_LOC,l,sub-090,0.0018
sum_selectivity,object_LOC,l,sub-091,0.0026
sum_selectivity,object_LOC,l,sub-092,0.003
sum_selectivity,object_LOC,l,sub-099,0.0024
sum_selectivity,object_LOC,l,sub-108,0.0029
sum_selectivity,object_LOC,r,sub-004,0.0415
sum_selectivity,object_LOC,r,sub-005,0.0383
sum_selectivity,object_LOC,r,sub-008,0.0357
sum_selectivity,object_LOC,r,sub-010,0.0782
sum_selectivity,object_LOC,r,sub-021,0.0235
sum_selectivity,object_LOC,r,sub-039,0.0398
sum_selectivity,object_LOC,r,sub-044,0.0563
sum_selectivity,object_LOC,r,sub-066,0.0094
sum_selectivity,object_LOC,r,sub-069,0.0869
sum_selectivity,object_LOC,r,sub-074,0.0371
sum_selectivity,object_LOC,r,sub-075,0.0344
sum_selectivity,object_LOC,r,sub-076,0.0956
sum_selectivity,object_LOC,r,sub-077,0.0353
sum_selectivity,object_LOC,r,sub-078,0.0109
sum_selectivity,object_LOC,r,sub-079,0.0345
sum_selectivity,object_LOC,r,sub-082,0.0273
sum_selectivity,object_LOC,r,sub-089,0.0372
sum_selectivity,object_LOC,r,sub-090,0.0431
sum_selectivity,object_LOC,r,sub-091,0.0348
sum_selectivity,object_LOC,r,sub-092,0.1029
sum_selectivity,object_LOC,r,sub-099,0.0549
sum_selectivity,object_LOC,r,sub-108,0.0441
sum_selectivity,word_VWFA,l,sub-004,0.2052
sum_selectivity,word_VWFA,l,sub-005,0.3077
sum_selectivity,word_VWFA,l,sub-008,0.2093
sum_selectivity,word_VWFA,l,sub-010,0.2122
sum_selectivity,word_VWFA,l,sub-021,0.2024
sum_selectivity,word_VWFA,l,sub-039,0.2363
sum_selectivity,word_VWFA,l,sub-044,0.2098
sum_selectivity,word_VWFA,l,sub-066,0.2121
sum_selectivity,word_VWFA,l,sub-069,0.2077
sum_selectivity,word_VWFA,l,sub-074,0.1043
sum_selectivity,word_VWFA,l,sub-075,0.1103
sum_selectivity,word_VWFA,l,sub-076,0.2034
sum_selectivity,word_VWFA,l,sub-077,0.334
sum_selectivity,word_VWFA,l,sub-078,0.2016
sum_selectivity,word_VWFA,l,sub-079,0.2002
sum_selectivity,word_VWFA,l,sub-082,0.2071
sum_selectivity,word_VWFA,l,sub-089,0.3942
sum_selectivity,word_VWFA,l,sub-090,0.2018
sum_selectivity,word_VWFA,l,sub-091,0.313
sum_selectivity,word_VWFA,l,sub-092,0.2028
sum_selectivity,word_VWFA,l,sub-099,0.1997
sum_selectivity,word_VWFA,l,sub-108,0.2061
sum_selectivity,word_VWFA,r,sub-004,0.7459
sum_selectivity,word_VWFA,r,sub-005,0.7542
sum_selectivity,word_VWFA,r,sub-008,0.7516
sum_selectivity,word_VWFA,r,sub-010,0.7366
sum_selectivity,word_VWFA,r,sub-021,0.4316
sum_selectivity,word_VWFA,r,sub-039,0.7483
sum_selectivity,word_VWFA,r,sub-044,0.6816
sum_selectivity,word_VWFA,r,sub-066,0.9067
sum_selectivity,word_VWFA,r,sub-069,0.9216
sum_selectivity,word_VWFA,r,sub-074,0.7459
sum_selectivity,word_VWFA,r,sub-075,0.7549
sum_selectivity,word_VWFA,r,sub-076,0.7846
sum_selectivity,word_VWFA,r,sub-077,0.7456
sum_selectivity,word_VWFA,r,sub-078,0.4272
sum_selectivity,word_VWFA,r,sub-079,0.7483
sum_selectivity,word_VWFA,r,sub-082,0.6961
sum_selectivity,word_VWFA,r,sub-089,0.7387
sum_selectivity,word_VWFA,r,sub-090,0.7675
sum_selectivity,word_VWFA,r,sub-091,0.7464
sum_selectivity,word_VWFA,r,sub-092,0.6155
sum_selectivity,word_VWFA,r,sub-099,0.9613
sum_selectivity,word_VWFA,r,sub-108,0.7176
distinctiveness,face_FFA,l,sub-004,0.3524
distinctiveness,face_FFA,l,sub-005,0.1931
distinctiveness,face_FFA,l,sub-008,0.1989
distinctiveness,face_FFA,l,sub-010,0.1662
distinctiveness,face_FFA,l,sub-021,0.1616
distinctiveness,face_FFA,l,sub-039,0.1407
distinctiveness,face_FFA,l,sub-044,0.1538
distinctiveness,face_FFA,l,sub-066,0.1476
distinctiveness,face_FFA,l,sub-069,0.1526
distinctiveness,face_FFA,l,sub-074,0.4178
distinctiveness,face_FFA,l,sub-075,0.087
distinctiveness,face_FFA,l,sub-076,0.1519
distinctiveness,face_FFA,l,sub-077,0.1008
distinctiveness,face_FFA,l,sub-078,0.1556
distinctiveness,face_FFA,l,sub-079,0.1161
distinctiveness,face_FFA,l,sub-082,0.1527
distinctiveness,face_FFA,l,sub-089,0.1113
distinctiveness,face_FFA,l,sub-090,0.1572
distinctiveness,face_FFA,l,sub-091,0.2048
distinctiveness,face_FFA,l,sub-092,0.1588
distinctiveness,face_FFA,l,sub-099,0.1534
distinctiveness,face_FFA,l,sub-108,0.1536
distinctiveness,face_FFA,r,sub-004,0.0761
distinctiveness,face_FFA,r,sub-005,0.0772
distinctiveness,face_FFA,r,sub-008,0.0742
distinctiveness,face_FFA,r,sub-010,0.1085
distinctiveness,face_FFA,r,sub-021,0.1598
distinctiveness,face_FFA,r,sub-039,0.0743
distinctiveness,face_FFA,r,sub-044,0.0305
distinctiveness,face_FFA,r,sub-066,0.1106
distinctiveness,face_FFA,r,sub-069,0.1237
distinctiveness,face_FFA,r,sub-074,0.0803
distinctiveness,face_FFA,r,sub-075,0.0724
distinctiveness,face_FFA,r,sub-076,0.1098
distinctiveness,face_FFA,r,sub-077,0.0789
distinctiveness,face_FFA,r,sub-078,0.1406
distinctiveness,face_FFA,r,sub-079,0.0775
distinctiveness,face_FFA,r,sub-082,0.0597
distinctiveness,face_FFA,r,sub-089,0.075
distinctiveness,face_FFA,r,sub-090,0.0687
distinctiveness,face_FFA,r,sub-091,0.0802
distinctiveness,face_FFA,r,sub-092,0.0486
distinctiveness,face_FFA,r,sub-099,0.1165
distinctiveness,face_FFA,r,sub-108,0.0376
distinctiveness,house_PPA,l,sub-004,0.1105
distinctiveness,house_PPA,l,sub-005,0.1498
distinctiveness,house_PPA,l,sub-008,0.0831
distinctiveness,house_PPA,l,sub-010,0.0792
distinctiveness,house_PPA,l,sub-021,0.0808
distinctiveness,house_PPA,l,sub-039,0.0699
distinctiveness,house_PPA,l,sub-044,0.0796
distinctiveness,house_PPA,l,sub-066,0.0851
distinctiveness,house_PPA,l,sub-069,0.0773
distinctiveness,house_PPA,l,sub-074,0.1769
distinctiveness,house_PPA,l,sub-075,0.048
distinctiveness,house_PPA,l,sub-076,0.0763
distinctiveness,house_PPA,l,sub-077,0.0968
distinctiveness,house_PPA,l,sub-078,0.0778
distinctiveness,house_PPA,l,sub-079,0.131
distinctiveness,house_PPA,l,sub-082,0.0801
distinctiveness,house_PPA,l,sub-089,0.045
distinctiveness,house_PPA,l,sub-090,0.0812
distinctiveness,house_PPA,l,sub-091,0.1156
distinctiveness,house_PPA,l,sub-092,0.0821
distinctiveness,house_PPA,l,sub-099,0.0835
distinctiveness,house_PPA,l,sub-108,0.0787
distinctiveness,house_PPA,r,sub-004,0.0803
distinctiveness,house_PPA,r,sub-005,0.0754
distinctiveness,house_PPA,r,sub-008,0.0772
distinctiveness,house_PPA,r,sub-010,0.1356
distinctiveness,house_PPA,r,sub-021,0.0666
distinctiveness,house_PPA,r,sub-039,0.0749
distinctiveness,house_PPA,r,sub-044,0.1232
distinctiveness,house_PPA,r,sub-066,0.0714
distinctiveness,house_PPA,r,sub-069,0.12
distinctiveness,house_PPA,r,sub-074,0.0768
distinctiveness,house_PPA,r,sub-075,0.0759
distinctiveness,house_PPA,r,sub-076,0.0953
distinctiveness,house_PPA,r,sub-077,0.0782
distinctiveness,house_PPA,r,sub-078,0.0455
distinctiveness,house_PPA,r,sub-079,0.0753
distinctiveness,house_PPA,r,sub-082,0.0711
distinctiveness,house_PPA,r,sub-089,0.0752
distinctiveness,house_PPA,r,sub-090,0.0682
distinctiveness,house_PPA,r,sub-091,0.0785
distinctiveness,house_PPA,r,sub-092,0.0563
distinctiveness,house_PPA,r,sub-099,0.0906
distinctiveness,house_PPA,r,sub-108,0.1624
distinctiveness,object_LOC,l,sub-004,0.652
distinctiveness,object_LOC,l,sub-005,0.4856
distinctiveness,object_LOC,l,sub-008,0.7613
distinctiveness,object_LOC,l,sub-010,0.7023
distinctiveness,object_LOC,l,sub-021,0.7003
distinctiveness,object_LOC,l,sub-039,0.5028
distinctiveness,object_LOC,l,sub-044,0.7039
distinctiveness,object_LOC,l,sub-066,0.7013
distinctiveness,object_LOC,l,sub-069,0.706
distinctiveness,object_LOC,l,sub-074,0.6973
distinctiveness,object_LOC,l,sub-075,0.9331
distinctiveness,object_LOC,l,sub-076,0.6986
distinctiveness,object_LOC,l,sub-077,0.922
distinctiveness,object_LOC,l,sub-078,0.7076
distinctiveness,object_LOC,l,sub-079,0.5103
distinctiveness,object_LOC,l,sub-082,0.6932
distinctiveness,object_LOC,l,sub-089,0.4774
distinctiveness,object_LOC,l,sub-090,0.7098
distinctiveness,object_LOC,l,sub-091,0.7324
distinctiveness,object_LOC,l,sub-092,0.7113
distinctiveness,object_LOC,l,sub-099,0.706
distinctiveness,object_LOC,l,sub-108,0.6997
distinctiveness,object_LOC,r,sub-004,0.7033
distinctiveness,object_LOC,r,sub-005,0.6861
distinctiveness,object_LOC,r,sub-008,0.6969
distinctiveness,object_LOC,r,sub-010,0.9754
distinctiveness,object_LOC,r,sub-021,0.7446
distinctiveness,object_LOC,r,sub-039,0.7006
distinctiveness,object_LOC,r,sub-044,0.9291
distinctiveness,object_LOC,r,sub-066,0.6242
distinctiveness,object_LOC,r,sub-069,0.5029
distinctiveness,object_LOC,r,sub-074,0.6959
distinctiveness,object_LOC,r,sub-075,0.6932
distinctiveness,object_LOC,r,sub-076,0.4441
distinctiveness,object_LOC,r,sub-077,0.6926
distinctiveness,object_LOC,r,sub-078,0.9244
distinctiveness,object_LOC,r,sub-079,0.6952
distinctiveness,object_LOC,r,sub-082,0.6043
distinctiveness,object_LOC,r,sub-089,0.6955
distinctiveness,object_LOC,r,sub-090,0.7756
distinctiveness,object_LOC,r,sub-091,0.6928
distinctiveness,object_LOC,r,sub-092,0.8021
distinctiveness,object_LOC,r,sub-099,0.6065
distinctiveness,object_LOC,r,sub-108,0.6515
distinctiveness,word_VWFA,l,sub-004,0.428
distinctiveness,word_VWFA,l,sub-005,0.5584
distinctiveness,word_VWFA,l,sub-008,0.5934
distinctiveness,word_VWFA,l,sub-010,0.4005
distinctiveness,word_VWFA,l,sub-021,0.3992
distinctiveness,word_VWFA,l,sub-039,0.2248
distinctiveness,word_VWFA,l,sub-044,0.3977
distinctiveness,word_VWFA,l,sub-066,0.3926
distinctiveness,word_VWFA,l,sub-069,0.4059
distinctiveness,word_VWFA,l,sub-074,0.2205
distinctiveness,word_VWFA,l,sub-075,0.8029
distinctiveness,word_VWFA,l,sub-076,0.402
distinctiveness,word_VWFA,l,sub-077,0.3352
distinctiveness,word_VWFA,l,sub-078,0.389
distinctiveness,word_VWFA,l,sub-079,0.3224
distinctiveness,word_VWFA,l,sub-082,0.3892
distinctiveness,word_VWFA,l,sub-089,0.4619
distinctiveness,word_VWFA,l,sub-090,0.3969
distinctiveness,word_VWFA,l,sub-091,0.4188
distinctiveness,word_VWFA,l,sub-092,0.3997
distinctiveness,word_VWFA,l,sub-099,0.392
distinctiveness,word_VWFA,l,sub-108,0.3912
distinctiveness,word_VWFA,r,sub-004,0.0098
distinctiveness,word_VWFA,r,sub-005,0.0095
distinctiveness,word_VWFA,r,sub-008,0.0085
distinctiveness,word_VWFA,r,sub-010,0.0137
distinctiveness,word_VWFA,r,sub-021,0.0237
distinctiveness,word_VWFA,r,sub-039,0.0079
distinctiveness,word_VWFA,r,sub-044,0.0139
distinctiveness,word_VWFA,r,sub-066,0.0196
distinctiveness,word_VWFA,r,sub-069,0.0052
distinctiveness,word_VWFA,r,sub-074,0.0092
distinctiveness,word_VWFA,r,sub-075,0.0085
distinctiveness,word_VWFA,r,sub-076,0.0202
distinctiveness,word_VWFA,r,sub-077,0.0097
distinctiveness,word_VWFA,r,sub-078,0.0085
distinctiveness,word_VWFA,r,sub-079,0.0072
distinctiveness,word_VWFA,r,sub-082,0.0041
distinctiveness,word_VWFA,r,sub-089,0.0098
distinctiveness,word_VWFA,r,sub-090,0.0194
distinctiveness,word_VWFA,r,sub-091,0.008
distinctiveness,word_VWFA,r,sub-092,0.0117
distinctiveness,word_VWFA,r,sub-099,0.0037
distinctiveness,word_VWFA,r,sub-108,0.0063
