measure,model,comparison,hemi,level,omnibus_chi2,omnibus_df,omnibus_p,mse,gating,diff,cohens_d,delta_log10,p_perm,q_fdr,ci_lo,ci_hi,n_a,n_b,note
peak_distance,LH-intact_pt_vs_ctrl,patient_vs_control,l,face_FFA,,,,,not_gating,-1.236250859805832,-0.19759029534862357,,0.5797420257974203,0.8691130886911309,-0.7686220780185442,0.43598548896721767,11.0,38.0,
peak_distance,LH-intact_pt_vs_ctrl,patient_vs_control,l,house_PPA,,,,,not_gating,0.2738028911981054,0.04800254719051828,,0.8887111288871112,0.8887111288871112,-0.6898363279129636,0.7919080148164619,11.0,38.0,
peak_distance,LH-intact_pt_vs_ctrl,patient_vs_control,l,object_LOC,,,,,not_gating,1.1272212582661787,0.3746849624646687,,0.27847215278472154,0.8691130886911309,-0.3638512305025304,1.2378810149955466,11.0,38.0,
peak_distance,LH-intact_pt_vs_ctrl,patient_vs_control,l,word_VWFA,,,,,not_gating,1.141672032349227,0.15612117437023298,,0.6518348165183482,0.8691130886911309,-0.5745605963561058,1.0041518295986016,11.0,38.0,
peak_distance,RH-intact_pt_vs_ctrl,patient_vs_control,r,face_FFA,,,,,not_gating,-0.0819761707083746,-0.014492353289205923,,0.9655034496550345,0.9655034496550345,-0.5397856572483156,0.6704831855619174,11.0,38.0,
peak_distance,RH-intact_pt_vs_ctrl,patient_vs_control,r,house_PPA,,,,,not_gating,1.7416207524009373,0.27262743539284634,,0.42605739426057393,0.5680765256807653,-0.40082961385649984,0.9547209190339705,11.0,38.0,
peak_distance,RH-intact_pt_vs_ctrl,patient_vs_control,r,object_LOC,,,,,not_gating,3.1044199875762084,0.7338987335597499,,0.0362963703629637,0.1451854814518548,0.17652801608631613,1.47141252944714,11.0,38.0,
peak_distance,RH-intact_pt_vs_ctrl,patient_vs_control,r,word_VWFA,,,,,not_gating,3.5902180403781543,0.5897553207248591,,0.08489151084891511,0.16978302169783022,-0.02957420813934412,1.4707378901782926,11.0,38.0,
sum_selectivity,LH-intact_pt_vs_ctrl,patient_vs_control,l,face_FFA,,,,,not_gating,0.10905256148881559,0.23644824932529482,0.10905256148881559,0.5015498450154985,0.5015498450154985,-0.3544135056518788,0.762270273181493,11.0,37.0,
sum_selectivity,LH-intact_pt_vs_ctrl,patient_vs_control,l,house_PPA,,,,,not_gating,-0.07884797529440979,-0.25360017341670865,-0.07884797529440979,0.45745425457454253,0.5015498450154985,-1.0758766095543075,0.5037845964875617,11.0,38.0,
sum_selectivity,LH-intact_pt_vs_ctrl,patient_vs_control,l,object_LOC,,,,,not_gating,-0.3455794810183095,-1.286584435778305,-0.3455794810183095,0.0017998200179982,0.0071992800719928,-2.396350591679438,-0.4074272376596845,11.0,38.0,
sum_selectivity,LH-intact_pt_vs_ctrl,patient_vs_control,l,word_VWFA,,,,,not_gating,0.2302693096821571,0.3533437635966594,0.2302693096821571,0.34636536346365365,0.5015498450154985,-0.23804117041702127,0.8976517115724841,9.0,36.0,
sum_selectivity,LH-intact_pt_vs_ctrl,omnibus,l,ALL,9.304674451946294,3.0,0.025502708075050475,0.1571170767353925,not_gating,,,,,,,,,,"category==ROI: family-wise context, not a profile test"
sum_selectivity,RH-intact_pt_vs_ctrl,patient_vs_control,r,face_FFA,,,,,not_gating,0.11464252064494884,0.353170448197293,0.11464252064494884,0.34496550344965504,0.45995400459954006,-0.40696726640678493,1.0902929865901272,10.0,35.0,
sum_selectivity,RH-intact_pt_vs_ctrl,patient_vs_control,r,house_PPA,,,,,not_gating,-0.15239177648546143,-0.49616208268162143,-0.15239177648546143,0.15658434156584342,0.31316868313168683,-1.259555644568966,0.23124573184208386,11.0,38.0,
sum_selectivity,RH-intact_pt_vs_ctrl,patient_vs_control,r,object_LOC,,,,,not_gating,-0.1498095373277204,-0.5914618553462506,-0.1498095373277204,0.09069093090690931,0.31316868313168683,-1.5062189987723194,0.1789607224601928,11.0,38.0,
sum_selectivity,RH-intact_pt_vs_ctrl,patient_vs_control,r,word_VWFA,,,,,not_gating,-0.04625601839257687,-0.09145082976212904,-0.04625601839257687,0.8006199380061993,0.8006199380061993,-0.8982313107953155,0.6924157531145992,11.0,31.0,
sum_selectivity,RH-intact_pt_vs_ctrl,omnibus,r,ALL,2.8390114463480027,3.0,0.4171181366753104,0.08913203842420843,not_gating,,,,,,,,,,"category==ROI: family-wise context, not a profile test"
sum_selectivity,ctrl_LvsR,control_asymmetry,lr,face_FFA,,,,,separate_family,-0.22140066146990944,-0.7036769327820716,-0.22140066146990944,0.00039996000399960006,0.0015998400159984002,-1.1481635624232909,-0.36523144558817,34.0,,
sum_selectivity,ctrl_LvsR,control_asymmetry,lr,house_PPA,,,,,separate_family,-0.10278817694441215,-0.502018672998573,-0.10278817694441215,0.0036996300369963003,0.004932840049328401,-0.9433392242743692,-0.17834718136207553,38.0,,
sum_selectivity,ctrl_LvsR,control_asymmetry,lr,object_LOC,,,,,separate_family,0.05686293552558604,0.5046832257269657,0.05686293552558604,0.0031996800319968005,0.004932840049328401,0.18031207559749973,0.9533121683289398,38.0,,
sum_selectivity,ctrl_LvsR,control_asymmetry,lr,word_VWFA,,,,,separate_family,0.06658900694596932,0.1676623953347933,0.06658900694596932,0.3625637436256374,0.3625637436256374,-0.1721546577144008,0.5935028716790929,31.0,,
sum_selectivity,ctrl_LvsR,omnibus,lr,ALL,8.652213607279993,3.0,0.034290754852241985,0.12857149828928172,separate_family,,,,,,,,,,
distinctiveness,LH-intact_pt_vs_ctrl,patient_vs_control,l,face_FFA,,,,,not_gating,-0.10163520158288175,-0.30277827907274973,,0.38996100389961,0.77992200779922,-1.0399261798461596,0.38312959988217066,11.0,38.0,
distinctiveness,LH-intact_pt_vs_ctrl,patient_vs_control,l,house_PPA,,,,,not_gating,-0.3199647909086214,-0.43737925320096177,,0.21027897210278973,0.77992200779922,-1.0078817536858469,0.12122402907546186,11.0,38.0,
distinctiveness,LH-intact_pt_vs_ctrl,patient_vs_control,l,object_LOC,,,,,not_gating,-0.015754788701832778,-0.03648918097884482,,0.9126087391260874,0.9126087391260874,-0.7650953455537531,0.6896961687309546,11.0,38.0,
distinctiveness,LH-intact_pt_vs_ctrl,patient_vs_control,l,word_VWFA,,,,,not_gating,-0.06244025843567724,-0.14539087487480723,,0.6759324067593241,0.9012432090124322,-0.862828352502436,0.5348497500432345,11.0,37.0,
distinctiveness,LH-intact_pt_vs_ctrl,omnibus,l,ALL,1.959043861231306,3.0,0.5809506700392917,0.23783982948968985,not_gating,,,,,,,,,,"category==ROI: family-wise context, not a profile test"
distinctiveness,RH-intact_pt_vs_ctrl,patient_vs_control,r,face_FFA,,,,,not_gating,0.17084343331163265,0.46100588844035406,,0.18908109189081093,0.31343532313435324,-0.19657903844320684,1.2383349533611039,11.0,37.0,
distinctiveness,RH-intact_pt_vs_ctrl,patient_vs_control,r,house_PPA,,,,,not_gating,0.3308450872551999,0.4140831765476594,,0.23507649235076492,0.31343532313435324,-0.1487428311162664,1.0556680195981822,11.0,38.0,
distinctiveness,RH-intact_pt_vs_ctrl,patient_vs_control,r,object_LOC,,,,,not_gating,0.04745408354283853,0.09557510848649974,,0.7854214578542146,0.7854214578542146,-0.5596957318248588,0.7251377008873297,11.0,38.0,
distinctiveness,RH-intact_pt_vs_ctrl,patient_vs_control,r,word_VWFA,,,,,not_gating,0.3601402224287775,0.7368592483788726,,0.039396060393960604,0.15758424157584242,0.2122978791055468,1.4571815948686124,11.0,37.0,
distinctiveness,RH-intact_pt_vs_ctrl,omnibus,r,ALL,1.8708998298312873,3.0,0.5996291774612876,0.2921552497753974,not_gating,,,,,,,,,,"category==ROI: family-wise context, not a profile test"
distinctiveness,ctrl_LvsR,control_asymmetry,lr,face_FFA,,,,,separate_family,0.1407281583332233,0.31413844262740825,,0.062993700629937,0.11278872112788722,-0.008993225141067663,0.7081610066085499,37.0,,
distinctiveness,ctrl_LvsR,control_asymmetry,lr,house_PPA,,,,,separate_family,-0.059269953774709616,-0.05327310240052985,,0.7462253774622538,0.7462253774622538,-0.39755393601250244,0.2630002928279358,38.0,,
distinctiveness,ctrl_LvsR,control_asymmetry,lr,object_LOC,,,,,separate_family,-0.18125649479441072,-0.28962352997177887,,0.08459154084591541,0.11278872112788722,-0.6331424857060824,0.03525267059752282,38.0,,
distinctiveness,ctrl_LvsR,control_asymmetry,lr,word_VWFA,,,,,separate_family,0.27255139605239237,0.4893991592333183,,0.004399560043995601,0.017598240175982403,0.18609211265044553,0.8474954165406952,37.0,,
distinctiveness,ctrl_LvsR,omnibus,lr,ALL,8.497665269705424,3.0,0.03677186972589481,0.26655547522904266,separate_family,,,,,,,,,,
wta,M1_LH_ctrl_vs_pt,omnibus,,ALL,24.714279178078854,3.0,1.7716943492600404e-05,215.6805664057865,gates_posthoc,,,,,,,,,,
wta,M1_LH_ctrl_vs_pt,patient_vs_control,,face,,,,,gated,0.452060857711281,0.03363122798369351,,0.9224077592240776,0.9224077592240776,-0.7107012744350722,0.7380781914737692,38.0,11.0,
wta,M1_LH_ctrl_vs_pt,patient_vs_control,,house,,,,,gated,8.103611234355217,0.6345764298716121,,0.07039296070392961,0.08044909794734813,-0.16441533757610352,1.4787541548402188,38.0,11.0,
wta,M1_LH_ctrl_vs_pt,patient_vs_control,,object,,,,,gated,11.883563369415878,0.7317825805783205,,0.036696330366963306,0.0514615205146152,0.14917599044477967,1.3802401126123065,38.0,11.0,
wta,M1_LH_ctrl_vs_pt,patient_vs_control,,word,,,,,gated,-20.439235461482383,-1.2793134391711807,,0.0006999300069993001,0.005599440055994401,-2.264684380617319,-0.43318051902291077,38.0,11.0,
wta,M2_RH_ctrl_vs_pt,omnibus,,ALL,26.256595984243006,3.0,8.427459920284615e-06,178.61646462260381,gates_posthoc,,,,,,,,,,
wta,M2_RH_ctrl_vs_pt,patient_vs_control,,face,,,,,gated,-9.246266563660507,-0.8027443794343375,,0.0216978302169783,0.0433956604339566,-1.8130373189707372,0.10531889471313415,38.0,11.0,
wta,M2_RH_ctrl_vs_pt,patient_vs_control,,house,,,,,gated,7.643626649038797,0.7186872548937646,,0.0385961403859614,0.0514615205146152,-0.046627536401357556,1.6170730433228666,38.0,11.0,
wta,M2_RH_ctrl_vs_pt,patient_vs_control,,object,,,,,gated,15.023936052994326,0.8782858129929437,,0.014198580141985802,0.0378628803786288,-0.03927878325223279,2.023064441940554,38.0,11.0,
wta,M2_RH_ctrl_vs_pt,patient_vs_control,,word,,,,,gated,-13.42129613837261,-1.0114813547555737,,0.007499250074992501,0.029997000299970003,-2.0400338116719645,-0.10265117431081802,38.0,11.0,
wta,M3_LH_vs_RH_pt,omnibus,,ALL,1.7312930049826596,3.0,0.6299992007528075,402.5753763302844,gates_posthoc,,,,,,,,,,
wta,M3_LH_vs_RH_pt,patient_subgroup,,face,,,,,omnibus_ns,-2.557680327788127,-0.14673916028264244,,0.7372262773722628,0.8052194780521947,-1.0280178531208737,0.7442831230821311,11.0,11.0,omnibus n.s.; post-hoc exploratory
wta,M3_LH_vs_RH_pt,patient_subgroup,,house,,,,,omnibus_ns,7.29709957908263,0.4907634044013669,,0.26377362263773624,0.7633236676332367,-0.3256465845919811,1.5553946465130137,11.0,11.0,omnibus n.s.; post-hoc exploratory
wta,M3_LH_vs_RH_pt,patient_subgroup,,object,,,,,omnibus_ns,-7.647136013885763,-0.39238383283173833,,0.38166183381661833,0.7633236676332367,-1.156335373258486,0.5287748894513286,11.0,11.0,omnibus n.s.; post-hoc exploratory
wta,M3_LH_vs_RH_pt,patient_subgroup,,word,,,,,omnibus_ns,2.9077167625912637,0.10946505333470641,,0.8052194780521947,0.8052194780521947,-0.8834956512132975,0.9358561174104603,11.0,11.0,omnibus n.s.; post-hoc exploratory
wta,M4_ctrl_LvsR,omnibus,,ALL,32.79077838657196,3.0,3.5651232820176477e-07,141.62774232065752,gates_posthoc,,,,,,,,,,
wta,M4_ctrl_LvsR,control_asymmetry,,face,,,,,gated,7.140647093583663,0.8735919602530386,,9.999000099990002e-05,0.00013332000133320002,0.582095824775066,1.246258915044278,38.0,38.0,
wta,M4_ctrl_LvsR,control_asymmetry,,house,,,,,gated,7.757084164399058,1.0984179294068541,,9.999000099990002e-05,0.00013332000133320002,0.8146417628900502,1.5036543015616124,38.0,38.0,
wta,M4_ctrl_LvsR,control_asymmetry,,object,,,,,gated,-10.78750869746421,-1.0410793110693561,,9.999000099990002e-05,0.00013332000133320002,-1.4251024589374452,-0.7611638005096574,38.0,38.0,
wta,M4_ctrl_LvsR,control_asymmetry,,word,,,,,gated,-4.11022256051851,-0.5704177783777858,,0.0007999200079992001,0.0007999200079992001,-0.9542901976729169,-0.26144073241117005,38.0,38.0,
wta_selective_prop,LH_pt_vs_ctrl,patient_vs_control,l,selective,,,,,,30.939153439153436,,,5.980385967143599e-05,,,,11.0,38.0,Mann-Whitney U=377; medians ctrl/pt
wta_selective_prop,RH_pt_vs_ctrl,patient_vs_control,r,selective,,,,,,42.53032928942808,,,0.0006388955413160378,,,,11.0,38.0,Mann-Whitney U=352; medians ctrl/pt
wta_within_cluster,cluster_house_r,descriptive,,face_ctrl,,,,,,12.403578199589443,,,,,,,38.0,,descriptive mean % (no test)
wta_within_cluster,cluster_house_r,descriptive,,face_pt,,,,,,28.752243414230996,,,,,,,11.0,,descriptive mean % (no test)
wta_within_cluster,cluster_house_r,descriptive,,house_ctrl,,,,,,36.43404009138781,,,,,,,38.0,,descriptive mean % (no test)
wta_within_cluster,cluster_house_r,descriptive,,house_pt,,,,,,17.313315452797127,,,,,,,11.0,,descriptive mean % (no test)
wta_within_cluster,cluster_house_r,descriptive,,object_ctrl,,,,,,41.66197815030436,,,,,,,38.0,,descriptive mean % (no test)
wta_within_cluster,cluster_house_r,descriptive,,object_pt,,,,,,27.439474783757472,,,,,,,11.0,,descriptive mean % (no test)
wta_within_cluster,cluster_house_r,descriptive,,word_ctrl,,,,,,9.500403558718398,,,,,,,38.0,,descriptive mean % (no test)
wta_within_cluster,cluster_house_r,descriptive,,word_pt,,,,,,26.494966349214405,,,,,,,11.0,,descriptive mean % (no test)
wta_within_cluster,cluster_object_l,descriptive,,face_ctrl,,,,,,24.736174569249165,,,,,,,38.0,,descriptive mean % (no test)
wta_within_cluster,cluster_object_l,descriptive,,face_pt,,,,,,26.631061031380025,,,,,,,11.0,,descriptive mean % (no test)
wta_within_cluster,cluster_object_l,descriptive,,house_ctrl,,,,,,11.924307028820499,,,,,,,38.0,,descriptive mean % (no test)
wta_within_cluster,cluster_object_l,descriptive,,house_pt,,,,,,24.183901582092457,,,,,,,11.0,,descriptive mean % (no test)
wta_within_cluster,cluster_object_l,descriptive,,object_ctrl,,,,,,60.71021715876192,,,,,,,38.0,,descriptive mean % (no test)
wta_within_cluster,cluster_object_l,descriptive,,object_pt,,,,,,36.8260893619304,,,,,,,11.0,,descriptive mean % (no test)
wta_within_cluster,cluster_object_l,descriptive,,word_ctrl,,,,,,2.629301243168409,,,,,,,38.0,,descriptive mean % (no test)
wta_within_cluster,cluster_object_l,descriptive,,word_pt,,,,,,12.358948024597117,,,,,,,11.0,,descriptive mean % (no test)
wta_within_cluster,cluster_word_r,descriptive,,face_ctrl,,,,,,17.791006563937177,,,,,,,38.0,,descriptive mean % (no test)
wta_within_cluster,cluster_word_r,descriptive,,face_pt,,,,,,17.664205141171234,,,,,,,11.0,,descriptive mean % (no test)
wta_within_cluster,cluster_word_r,descriptive,,house_ctrl,,,,,,16.35588685624453,,,,,,,38.0,,descriptive mean % (no test)
wta_within_cluster,cluster_word_r,descriptive,,house_pt,,,,,,11.763042934953603,,,,,,,11.0,,descriptive mean % (no test)
wta_within_cluster,cluster_word_r,descriptive,,object_ctrl,,,,,,54.47446070853734,,,,,,,38.0,,descriptive mean % (no test)
wta_within_cluster,cluster_word_r,descriptive,,object_pt,,,,,,42.692361304216874,,,,,,,11.0,,descriptive mean % (no test)
wta_within_cluster,cluster_word_r,descriptive,,word_ctrl,,,,,,11.378645871280973,,,,,,,38.0,,descriptive mean % (no test)
wta_within_cluster,cluster_word_r,descriptive,,word_pt,,,,,,27.880390619658286,,,,,,,11.0,,descriptive mean % (no test)
geometry,face_FFA_LH-intact_pt_vs_ctrl,omnibus,,ALL,5.179425533617335,5.0,0.39437779898471537,0.11126093581209193,gates_posthoc,,,,,,,,,,
geometry,face_FFA_LH-intact_pt_vs_ctrl,patient_vs_control,,face-house,,,,,omnibus_ns,0.04966019761350837,0.10985604510577977,,0.7502249775022498,0.9002699730026997,-0.4584409244787466,0.7309642050753469,38.0,11.0,omnibus n.s.; not interpreted
geometry,face_FFA_LH-intact_pt_vs_ctrl,patient_vs_control,,face-object,,,,,omnibus_ns,0.009234998590531673,0.02476331151944896,,0.9381061893810619,0.9381061893810619,-0.6098501952952072,0.664929578404328,38.0,11.0,omnibus n.s.; not interpreted
geometry,face_FFA_LH-intact_pt_vs_ctrl,patient_vs_control,,face-word,,,,,omnibus_ns,0.24601040854460476,0.638432830674055,,0.066993300669933,0.401959804019598,-0.15261091608710747,1.4731802132482905,38.0,11.0,omnibus n.s.; not interpreted
geometry,face_FFA_LH-intact_pt_vs_ctrl,patient_vs_control,,house-object,,,,,omnibus_ns,0.08937544001741093,0.16697827181013694,,0.6225377462253775,0.9002699730026997,-0.43121859302884413,0.8577451517355514,38.0,11.0,omnibus n.s.; not interpreted
geometry,face_FFA_LH-intact_pt_vs_ctrl,patient_vs_control,,house-word,,,,,omnibus_ns,-0.07808928049273917,-0.13893316849395268,,0.6838316168383162,0.9002699730026997,-0.8065451768346321,0.5302211316183296,38.0,11.0,omnibus n.s.; not interpreted
geometry,face_FFA_LH-intact_pt_vs_ctrl,patient_vs_control,,object-word,,,,,omnibus_ns,-0.04842139323708372,-0.11526647650636608,,0.7316268373162683,0.9002699730026997,-0.9381964183859789,0.6872882475828743,38.0,11.0,omnibus n.s.; not interpreted
geometry,face_FFA_RH-intact_pt_vs_ctrl,omnibus,,ALL,35.64993735700233,5.0,1.1159159834703195e-06,0.12586343367267008,gates_posthoc,,,,,,,,,,
geometry,face_FFA_RH-intact_pt_vs_ctrl,patient_vs_control,,face-house,,,,,gated,0.17717591582210096,0.3993873624716386,,0.2526747325267473,0.379012098790121,-0.27481206355615606,1.1060455807141378,37.0,11.0,
geometry,face_FFA_RH-intact_pt_vs_ctrl,patient_vs_control,,face-object,,,,,gated,-0.05675697380932898,-0.12620425204705832,,0.7181281871812819,0.7181281871812818,-0.8607289308349595,0.6284213943797329,37.0,11.0,
geometry,face_FFA_RH-intact_pt_vs_ctrl,patient_vs_control,,face-word,,,,,gated,-0.6329492419476698,-1.355162919702879,,0.00029997000299970003,0.0017998200179982003,-2.3072332479410624,-0.6805378153695235,37.0,11.0,
geometry,face_FFA_RH-intact_pt_vs_ctrl,patient_vs_control,,house-object,,,,,gated,0.22641161737950455,0.42433532519867917,,0.22557744225577442,0.379012098790121,-0.2334831330793524,1.1401777547730572,37.0,11.0,
geometry,face_FFA_RH-intact_pt_vs_ctrl,patient_vs_control,,house-word,,,,,gated,-0.12333923476547215,-0.25771291961578335,,0.45285471452854714,0.5434256574342566,-1.0401324262313925,0.5296762118057714,37.0,11.0,
geometry,face_FFA_RH-intact_pt_vs_ctrl,patient_vs_control,,object-word,,,,,gated,-0.3524490158800849,-0.697737056754301,,0.048995100489951,0.146985301469853,-1.6150554971473727,0.11701321557475794,37.0,11.0,
geometry,face_FFA_ctrl_LvsR,omnibus,,ALL,21.804499236642503,5.0,0.0005703485612044908,0.15402749208836009,gates_posthoc,,,,,,,,,,
geometry,face_FFA_ctrl_LvsR,control_asymmetry,,face-house,,,,,gated,0.014699133864611236,0.025939177572024855,,0.8764123587641236,0.8764123587641236,-0.3025478119463435,0.366828181831974,37.0,37.0,
geometry,face_FFA_ctrl_LvsR,control_asymmetry,,face-object,,,,,gated,0.03179993819189534,0.056662056673282384,,0.7368263173682632,0.8764123587641236,-0.277699940436759,0.3980059493938294,37.0,37.0,
geometry,face_FFA_ctrl_LvsR,control_asymmetry,,face-word,,,,,gated,0.3756854029431633,0.7934212506962888,,9.999000099990002e-05,0.0005999400059994001,0.4521949201348529,1.2970422917140192,37.0,37.0,
geometry,face_FFA_ctrl_LvsR,control_asymmetry,,house-object,,,,,gated,-0.12201126418927606,-0.19550196459584568,,0.24967503249675033,0.3745125487451255,-0.5460027961355807,0.1208507245236943,37.0,37.0,
geometry,face_FFA_ctrl_LvsR,control_asymmetry,,house-word,,,,,gated,0.1727750215148315,0.25420596716996663,,0.13308669133086692,0.26617338266173385,-0.061782826339934135,0.6347197720077733,37.0,37.0,
geometry,face_FFA_ctrl_LvsR,control_asymmetry,,object-word,,,,,gated,0.3035770473724272,0.5497096508639564,,0.0024997500249975004,0.007499250074992501,0.2411667279703343,0.9418299362564305,37.0,37.0,
geometry,house_PPA_LH-intact_pt_vs_ctrl,omnibus,,ALL,3.9766348468045525,5.0,0.5527848590577542,0.30301374559067046,gates_posthoc,,,,,,,,,,
geometry,house_PPA_LH-intact_pt_vs_ctrl,patient_vs_control,,face-house,,,,,omnibus_ns,0.36095890865471497,0.4089487509596331,,0.23867613238676133,0.3503649635036496,-0.22080662977649004,1.0533615455102316,38.0,11.0,omnibus n.s.; not interpreted
geometry,house_PPA_LH-intact_pt_vs_ctrl,patient_vs_control,,face-object,,,,,omnibus_ns,0.5181529670039325,0.9651964954553053,,0.006099390060993901,0.0182981701829817,0.383460559328422,1.7018678832505434,38.0,11.0,omnibus n.s.; not interpreted
geometry,house_PPA_LH-intact_pt_vs_ctrl,patient_vs_control,,face-word,,,,,omnibus_ns,0.16089432514183166,0.2666524433528139,,0.43665633436656337,0.4366563343665633,-0.3702948046602182,0.9588800187672152,38.0,11.0,omnibus n.s.; not interpreted
geometry,house_PPA_LH-intact_pt_vs_ctrl,patient_vs_control,,house-object,,,,,omnibus_ns,0.21955409886007965,0.3641162822131291,,0.291970802919708,0.3503649635036496,-0.12602106188238502,0.9101127084192036,38.0,11.0,omnibus n.s.; not interpreted
geometry,house_PPA_LH-intact_pt_vs_ctrl,patient_vs_control,,house-word,,,,,omnibus_ns,0.3793813652110697,0.4445211577939225,,0.19818018198180182,0.3503649635036496,-0.17817039690948536,1.069295749987532,38.0,11.0,omnibus n.s.; not interpreted
geometry,house_PPA_LH-intact_pt_vs_ctrl,patient_vs_control,,object-word,,,,,omnibus_ns,0.5998559083682656,1.2593376607521618,,0.000999900009999,0.0059994000599940004,0.8080279461180446,1.8435417275144137,38.0,11.0,omnibus n.s.; not interpreted
geometry,house_PPA_RH-intact_pt_vs_ctrl,omnibus,,ALL,5.073815937516096,5.0,0.40693823142397145,0.26732113872223245,gates_posthoc,,,,,,,,,,
geometry,house_PPA_RH-intact_pt_vs_ctrl,patient_vs_control,,face-house,,,,,omnibus_ns,-0.1282305877172648,-0.12837681993730016,,0.7010298970102989,0.8293170682931706,-0.7723881428567314,0.48272764225350207,38.0,11.0,omnibus n.s.; not interpreted
geometry,house_PPA_RH-intact_pt_vs_ctrl,patient_vs_control,,face-object,,,,,omnibus_ns,-0.04119032124924493,-0.07377506388388225,,0.8293170682931706,0.8293170682931706,-0.8048021494488133,0.6491961147029066,38.0,11.0,omnibus n.s.; not interpreted
geometry,house_PPA_RH-intact_pt_vs_ctrl,patient_vs_control,,face-word,,,,,omnibus_ns,-0.16650929780643098,-0.25988245238218205,,0.44885511448855114,0.6732826717328267,-0.8140255196814697,0.23765720621545292,38.0,11.0,omnibus n.s.; not interpreted
geometry,house_PPA_RH-intact_pt_vs_ctrl,patient_vs_control,,house-object,,,,,omnibus_ns,-0.31494998735215607,-0.5059328439438379,,0.1523847615238476,0.42915708429157085,-1.1165114015067086,0.03966656713152154,38.0,11.0,omnibus n.s.; not interpreted
geometry,house_PPA_RH-intact_pt_vs_ctrl,patient_vs_control,,house-word,,,,,omnibus_ns,-0.549354686696178,-0.616235909375528,,0.07579242075792421,0.42915708429157085,-1.3338099873503693,0.0029116170409944405,38.0,11.0,omnibus n.s.; not interpreted
geometry,house_PPA_RH-intact_pt_vs_ctrl,patient_vs_control,,object-word,,,,,omnibus_ns,-0.2577174480244293,-0.4313771347780177,,0.21457854214578542,0.42915708429157085,-1.1313969389568619,0.1849693794806681,38.0,11.0,omnibus n.s.; not interpreted
geometry,house_PPA_ctrl_LvsR,omnibus,,ALL,3.5413622017091364,5.0,0.6171384521518669,0.41413989851714594,gates_posthoc,,,,,,,,,,
geometry,house_PPA_ctrl_LvsR,control_asymmetry,,face-house,,,,,omnibus_ns,-0.20959664849814996,-0.15719340782055885,,0.3451654834516548,0.6254974502549745,-0.48989127786988074,0.16191869055487418,38.0,38.0,omnibus n.s.; not interpreted
geometry,house_PPA_ctrl_LvsR,control_asymmetry,,face-object,,,,,omnibus_ns,-0.08261545071110653,-0.11636965062678371,,0.48505149485051496,0.6254974502549745,-0.4291794754245533,0.22277576008707042,38.0,38.0,omnibus n.s.; not interpreted
geometry,house_PPA_ctrl_LvsR,control_asymmetry,,face-word,,,,,omnibus_ns,0.07013065225604245,0.10478506096294453,,0.5137486251374862,0.6254974502549745,-0.23006984153179047,0.41800972939345904,38.0,38.0,omnibus n.s.; not interpreted
geometry,house_PPA_ctrl_LvsR,control_asymmetry,,house-object,,,,,omnibus_ns,-0.10043032539565462,-0.10713073752056441,,0.5212478752124787,0.6254974502549745,-0.4921483504369012,0.1944910392244957,38.0,38.0,omnibus n.s.; not interpreted
geometry,house_PPA_ctrl_LvsR,control_asymmetry,,house-word,,,,,omnibus_ns,0.13221711256967558,0.111731031924295,,0.5016498350164984,0.6254974502549745,-0.21390993527199756,0.4431891191556968,38.0,38.0,omnibus n.s.; not interpreted
geometry,house_PPA_ctrl_LvsR,control_asymmetry,,object-word,,,,,omnibus_ns,-0.00025553397984001984,-0.0003863502571485257,,0.9981001899810019,0.9981001899810019,-0.2821299826565674,0.3854281758389166,38.0,38.0,omnibus n.s.; not interpreted
geometry,object_LOC_LH-intact_pt_vs_ctrl,omnibus,,ALL,5.193112721303921,5.0,0.39277011184509014,0.10358769772727544,gates_posthoc,,,,,,,,,,
geometry,object_LOC_LH-intact_pt_vs_ctrl,patient_vs_control,,face-house,,,,,omnibus_ns,0.2834597043879473,0.6067758664288047,,0.08489151084891511,0.5093490650934906,-0.18001410959853575,1.4328646203847581,38.0,11.0,omnibus n.s.; not interpreted
geometry,object_LOC_LH-intact_pt_vs_ctrl,patient_vs_control,,face-object,,,,,omnibus_ns,-0.03988660177737491,-0.0774620424347785,,0.824017598240176,0.9888211178882111,-0.8136399009672166,0.6505046134878022,38.0,11.0,omnibus n.s.; not interpreted
geometry,object_LOC_LH-intact_pt_vs_ctrl,patient_vs_control,,face-word,,,,,omnibus_ns,0.06587551136733649,0.15378642000550266,,0.656034396560344,0.9888211178882111,-0.4396714345915408,0.8188298135707334,38.0,11.0,omnibus n.s.; not interpreted
geometry,object_LOC_LH-intact_pt_vs_ctrl,patient_vs_control,,house-object,,,,,omnibus_ns,0.0011087139930994194,0.002197624103464917,,0.9961003899610039,0.9961003899610038,-0.6819084227475434,0.7355472613942711,38.0,11.0,omnibus n.s.; not interpreted
geometry,object_LOC_LH-intact_pt_vs_ctrl,patient_vs_control,,house-word,,,,,omnibus_ns,0.04768307421399465,0.10847312713729106,,0.7528247175282472,0.9888211178882111,-0.5858793047898262,0.8415228773540075,38.0,11.0,omnibus n.s.; not interpreted
geometry,object_LOC_LH-intact_pt_vs_ctrl,patient_vs_control,,object-word,,,,,omnibus_ns,0.08604225388977382,0.17034224731066064,,0.6192380761923808,0.9888211178882111,-0.4537000913652228,0.8450775452947039,38.0,11.0,omnibus n.s.; not interpreted
geometry,object_LOC_RH-intact_pt_vs_ctrl,omnibus,,ALL,9.402034006181054,5.0,0.09406350815460901,0.1338129441019745,gates_posthoc,,,,,,,,,,
geometry,object_LOC_RH-intact_pt_vs_ctrl,patient_vs_control,,face-house,,,,,omnibus_ns,0.2955878652589705,0.6440288341919759,,0.0663933606639336,0.39836016398360163,0.025181234346732802,1.4591776540351804,38.0,11.0,omnibus n.s.; not interpreted
geometry,object_LOC_RH-intact_pt_vs_ctrl,patient_vs_control,,face-object,,,,,omnibus_ns,0.000640445048107674,0.0012763833352854048,,0.9965003499650035,0.9965003499650035,-0.6733702031436345,0.6981074539473001,38.0,11.0,omnibus n.s.; not interpreted
geometry,object_LOC_RH-intact_pt_vs_ctrl,patient_vs_control,,face-word,,,,,omnibus_ns,0.14587820524305228,0.2537483361946776,,0.45355464453554645,0.693980601939806,-0.37856796181608565,0.9742703336679748,38.0,11.0,omnibus n.s.; not interpreted
geometry,object_LOC_RH-intact_pt_vs_ctrl,patient_vs_control,,house-object,,,,,omnibus_ns,0.07186388764983076,0.10936490506813504,,0.7567243275672433,0.9080691930806919,-0.5606994377681428,0.7806454058456778,38.0,11.0,omnibus n.s.; not interpreted
geometry,object_LOC_RH-intact_pt_vs_ctrl,patient_vs_control,,house-word,,,,,omnibus_ns,0.14024278105117682,0.2592687687259995,,0.46265373462653736,0.693980601939806,-0.41273023176943147,0.961570549831749,38.0,11.0,omnibus n.s.; not interpreted
geometry,object_LOC_RH-intact_pt_vs_ctrl,patient_vs_control,,object-word,,,,,omnibus_ns,-0.2148665833264536,-0.3430198424012689,,0.31866813318668136,0.693980601939806,-0.9752372924623908,0.321202865174667,38.0,11.0,omnibus n.s.; not interpreted
geometry,object_LOC_ctrl_LvsR,omnibus,,ALL,9.34650130846233,5.0,0.09601628558548063,0.19565223336287957,gates_posthoc,,,,,,,,,,
geometry,object_LOC_ctrl_LvsR,control_asymmetry,,face-house,,,,,omnibus_ns,-0.0765697670049138,-0.15451481711805004,,0.34526547345265474,0.5178982101789821,-0.5136517401912061,0.16029016092161885,38.0,38.0,omnibus n.s.; not interpreted
geometry,object_LOC_ctrl_LvsR,control_asymmetry,,face-object,,,,,omnibus_ns,-0.3459816377191547,-0.5583468716381109,,0.0011998800119988001,0.007199280071992801,-0.9304781454030203,-0.24710795106679903,38.0,38.0,omnibus n.s.; not interpreted
geometry,object_LOC_ctrl_LvsR,control_asymmetry,,face-word,,,,,omnibus_ns,-0.06887622988497748,-0.08863417174682342,,0.5846415358464153,0.7015698430156985,-0.4372291601332918,0.22507145351427096,38.0,38.0,omnibus n.s.; not interpreted
geometry,object_LOC_ctrl_LvsR,control_asymmetry,,house-object,,,,,omnibus_ns,-0.2407616225153288,-0.317876963594537,,0.057394260573942604,0.17218278172182783,-0.6815696682605891,-0.008990919005675925,38.0,38.0,omnibus n.s.; not interpreted
geometry,object_LOC_ctrl_LvsR,control_asymmetry,,house-word,,,,,omnibus_ns,-0.1010844271308809,-0.16869854959623315,,0.30926907309269075,0.5178982101789821,-0.5009653841703627,0.1500024148028851,38.0,38.0,omnibus n.s.; not interpreted
geometry,object_LOC_ctrl_LvsR,control_asymmetry,,object-word,,,,,omnibus_ns,0.042973775851251304,0.05524177417337565,,0.734026597340266,0.7340265973402659,-0.26140870665876487,0.3850546005554649,38.0,38.0,omnibus n.s.; not interpreted
geometry,word_VWFA_LH-intact_pt_vs_ctrl,omnibus,,ALL,2.2574917589085417,5.0,0.8124894970942076,0.15536661376552766,gates_posthoc,,,,,,,,,,
geometry,word_VWFA_LH-intact_pt_vs_ctrl,patient_vs_control,,face-house,,,,,omnibus_ns,0.16386253636417347,0.2970593232634234,,0.38736126387361264,0.7391260873912608,-0.31349036322041035,0.8865603455087239,37.0,11.0,omnibus n.s.; not interpreted
geometry,word_VWFA_LH-intact_pt_vs_ctrl,patient_vs_control,,face-object,,,,,omnibus_ns,0.12317297141511685,0.2363906576247407,,0.49275072492750727,0.7391260873912608,-0.5180299922913034,0.9925322430824363,37.0,11.0,omnibus n.s.; not interpreted
geometry,word_VWFA_LH-intact_pt_vs_ctrl,patient_vs_control,,face-word,,,,,omnibus_ns,-0.01688004019851752,-0.03799957867117503,,0.9143085691430857,0.9143085691430857,-0.9603125754661381,0.7637794548764966,37.0,11.0,omnibus n.s.; not interpreted
geometry,word_VWFA_LH-intact_pt_vs_ctrl,patient_vs_control,,house-object,,,,,omnibus_ns,0.2088313253339179,0.3373251619644494,,0.33786621337866213,0.7391260873912608,-0.3722776488995734,1.1626600920653734,37.0,11.0,omnibus n.s.; not interpreted
geometry,word_VWFA_LH-intact_pt_vs_ctrl,patient_vs_control,,house-word,,,,,omnibus_ns,0.023396193502849633,0.040043729714026165,,0.9074092590740926,0.9143085691430857,-0.6182889380592226,0.706963431753556,37.0,11.0,omnibus n.s.; not interpreted
geometry,word_VWFA_LH-intact_pt_vs_ctrl,patient_vs_control,,object-word,,,,,omnibus_ns,0.18080462200269987,0.30799224095761096,,0.37746225377462256,0.7391260873912608,-0.3835917333141347,1.0417412536506168,37.0,11.0,omnibus n.s.; not interpreted
geometry,word_VWFA_RH-intact_pt_vs_ctrl,omnibus,,ALL,19.86334047821148,5.0,0.0013257101167514606,0.1453409449699412,gates_posthoc,,,,,,,,,,
geometry,word_VWFA_RH-intact_pt_vs_ctrl,patient_vs_control,,face-house,,,,,gated,-0.24953026524381283,-0.46508886387842235,,0.17998200179982002,0.35996400359964004,-1.132380661800273,0.1157707639413732,37.0,11.0,
geometry,word_VWFA_RH-intact_pt_vs_ctrl,patient_vs_control,,face-object,,,,,gated,0.10816781377196605,0.2389379054404002,,0.4961503849615039,0.5953804619538047,-0.4994209229161843,1.007383476481567,37.0,11.0,
geometry,word_VWFA_RH-intact_pt_vs_ctrl,patient_vs_control,,face-word,,,,,gated,-0.049577355714412685,-0.09451227208554099,,0.7872212778722127,0.7872212778722126,-0.7403601468939942,0.38584286743424184,37.0,11.0,
geometry,word_VWFA_RH-intact_pt_vs_ctrl,patient_vs_control,,house-object,,,,,gated,-0.1705345675423352,-0.32480612275733706,,0.35396460353964604,0.5309469053094691,-1.089789015591754,0.36441038689955807,37.0,11.0,
geometry,word_VWFA_RH-intact_pt_vs_ctrl,patient_vs_control,,house-word,,,,,gated,-0.631057587841378,-1.0340644922047284,,0.004199580041995801,0.025197480251974803,-1.7272228760292125,-0.5418456159864045,37.0,11.0,
geometry,word_VWFA_RH-intact_pt_vs_ctrl,patient_vs_control,,object-word,,,,,gated,-0.39978572373054194,-0.7149074853319864,,0.043695630436956304,0.13108689131086892,-1.4850201475959364,-0.05149692258122852,37.0,11.0,
geometry,word_VWFA_ctrl_LvsR,omnibus,,ALL,13.353916647051403,5.0,0.020278560580606352,0.18971767319271426,gates_posthoc,,,,,,,,,,
geometry,word_VWFA_ctrl_LvsR,control_asymmetry,,face-house,,,,,gated,0.057929669760588644,0.09119146890704342,,0.5889411058894111,0.5889411058894111,-0.22059001348152513,0.44292770820182964,37.0,37.0,
geometry,word_VWFA_ctrl_LvsR,control_asymmetry,,face-object,,,,,gated,-0.10518850051839525,-0.1844368785530044,,0.2686731326867313,0.403009699030097,-0.5550646810902269,0.13379060662835943,37.0,37.0,
geometry,word_VWFA_ctrl_LvsR,control_asymmetry,,face-word,,,,,gated,0.17219734449352608,0.30485443351345237,,0.070992900709929,0.141985801419858,-0.015169634407303635,0.776196369236232,37.0,37.0,
geometry,word_VWFA_ctrl_LvsR,control_asymmetry,,house-object,,,,,gated,0.09662509603662145,0.14967401479047046,,0.35896410358964104,0.4307569243075692,-0.17477697968079786,0.5362728929345771,37.0,37.0,
geometry,word_VWFA_ctrl_LvsR,control_asymmetry,,house-word,,,,,gated,0.3387889466333796,0.4360574558156635,,0.011398860113988602,0.03419658034196581,0.1330167087515544,0.7848354663427669,37.0,37.0,
geometry,word_VWFA_ctrl_LvsR,control_asymmetry,,object-word,,,,,gated,0.30666789703027136,0.4414243096042363,,0.010798920107989201,0.03419658034196581,0.1418715240211083,0.7796024063183672,37.0,37.0,
